title,company,url,description,published,source
Curriculum Developer,Mercor,https://remoteOK.com/remote-jobs/remote-curriculum-developer-mercor-1132151,"<strong>About The Job<br /><br /></strong><strong>Mercor</strong> connects elite creative and technical talent with leading AI research labs. Headquartered in San Francisco, our investors include <strong>Benchmark</strong>, <strong>General Catalyst</strong>, <strong>Peter Thiel</strong>, <strong>Adam D'Angelo</strong>, <strong>Larry Summers</strong>, and <strong>Jack Dorsey</strong>.<br /><br /><strong>Position:</strong> Education Expert<br /><br /><strong>Type:</strong> <strong>Contract<br /><b",2026-05-23T20:18:37+00:00,remoteok.com
Directeur Audio Audio Director,Side,https://remoteOK.com/remote-jobs/remote-directeur-audio-audio-director-side-1131884,<p>Directeur audio </p><p>Type : À temps plein </p><p>À propos du poste</p><p>Nous recherchons un Directeur Audio / Responsable du Développement Commercial Audio hautement connecté et  respecté pour devenir l'ambassadeur mondial de notre division audio et aider à positionner nos studios comme des partenaires créatifs de classe mondiale dans l'industrie du divertissement.</p><p>Ce n'est pas un rôle opérationnel ou de gestion traditionnel. Nous recherchons quelqu'un qui apporte crédibilité sectori,2026-05-23T14:00:04+00:00,remoteok.com
Game Tester,Crossing Hurdles,https://remoteOK.com/remote-jobs/remote-game-tester-crossing-hurdles-1131883,Position: Gameplay Data Capture SpecialistType: ContractCompensation: $10 - $20/hourLocation: Remote,2026-05-23T13:03:06+00:00,remoteok.com
Graphic Designer,milk + honey,https://remoteOK.com/remote-jobs/remote-graphic-designer-milk-honey-1131978,"Apply<br /><br />Job Type<br /><br />Part-time, Contract<br /><br /><strong>Description<br /><br /></strong>We're looking for a graphic designer to join the milk + honey marketing team on a contract basis. You work across email, social, and print — and you care equally about the concept and the craft.<br /><br />You'll work directly with the senior designer and marketing team. Plans shift, priorities pivot, and the team moves quickly. We need someone who stays steady, communicates clearly, and b",2026-05-23T12:14:00+00:00,remoteok.com
Chief Operating Officer,UltaHost,https://remoteOK.com/remote-jobs/remote-chief-operating-officer-ultahost-1131999,"<strong>About UltaHost<br /><br /></strong>Ultahost is global web hosting company with a fully remote team. We’re expanding our infrastructure and preparing to launch a new suite of cloud hosting products for customers worldwide.<br /><br /><strong>Job Overview<br /><br /></strong>We are looking for a visionary and results-driven Chief Operating Officer (COO) to lead and scale our global operations. This role will be responsible for overseeing the company’s day-to-day operations, improving organ",2026-05-23T06:51:55+00:00,remoteok.com
Chief Operating Officer,UltaHost,https://remoteOK.com/remote-jobs/remote-chief-operating-officer-ultahost-1131912,"<strong>About UltaHost<br /><br /></strong>Ultahost is global web hosting company with a fully remote team. We’re expanding our infrastructure and preparing to launch a new suite of cloud hosting products for customers worldwide.<br /><br /><strong>Job Overview<br /><br /></strong>We are looking for a visionary and results-driven Chief Operating Officer (COO) to lead and scale our global operations. This role will be responsible for overseeing the company’s day-to-day operations, improving organ",2026-05-23T06:51:16+00:00,remoteok.com
Outbound Sales Development Representative Latin America,Bluelight Consulting,https://remoteOK.com/remote-jobs/remote-outbound-sales-development-representative-latin-america-bluelight-consulting-1131843,"<p>Bluelight is a leading software consultancy dedicated to designing and developing innovative technology that enhances users' lives. With a steadfast commitment to delivering exceptional service to our clients, Bluelight excels in its focus on quality and customer satisfaction. Our mission is not only to create cutting-edge applications but also to foster a collaborative and enriching work environment where each team member can grow and thrive. With a presence across the United States and Cent",2026-05-23T06:00:03+00:00,remoteok.com
Chat Support Clerk,Positive Behavior Steps,https://remoteOK.com/remote-jobs/remote-chat-support-clerk-positive-behavior-steps-1132142,"We are seeking a compassionate, organized, and professional Chat Support Clerk to join our growing remote team at Positive Behavior Steps. In this role you will serve as a key point of digital contact for our clients, families, and partners providing timely, accurate, and empathetic support through our live chat platform. Your communication skills, attention to detail, and genuine passion for helping others will directly reflect the mission and values of our organization.<br /><br /><strong>Loca",2026-05-23T06:00:00+00:00,remoteok.com
Claims Officer Nassau,Coralisle Group Ltd.,https://remoteOK.com/remote-jobs/remote-claims-officer-nassau-coralisle-group-ltd-1132043,"<p><strong>CG ATLANTIC GENERAL INSURANCE LTD</strong></p><p><br /></p><p><strong>ABOUT US |</strong> A leading regional player in the retail insurance sector, Coralisle Group Ltd., with over 600 employees and offices in Bermuda, the Bahamas, Barbados, the British Virgin Islands, the Cayman Islands, Turks &amp; Caicos Islands, Anguilla, Antigua and Barbuda, Montserrat, Dominica, St. Lucia, St. Vincent, Saint Maarten, Grenada, Trinidad and Tobago, Guyana, Curacao, Aruba, Jamaica and Belize, we off",2026-05-23T01:02:30+00:00,remoteok.com
Finance Assistant,360Dialog,https://remoteOK.com/remote-jobs/remote-finance-assistant-360dialog-1131689,14:05:03 gepostet. About Us360Dialog is the leading Whatsapp platform for Independent Software Providers. We are…. Sehen Sie sich dieses und weitere Jobangebote auf LinkedIn an.,2026-05-22T20:03:37+00:00,remoteok.com
2D Artist,RubyPlay,https://remoteOK.com/remote-jobs/remote-2d-artist-rubyplay-1131918,"<p><strong>Department: </strong>Art Team</p><p><strong>Location: </strong>Warsaw (Remote)<br /><br /></p><strong>Description<br /><br /></strong><strong>RubyPlay</strong> is a place where passion meets competence. Since 2017, we’ve made more than 200 innovative games and built more than 100 strong partnerships globally!<br /><br />Proud to be:<ul><li>The Winner at BFTH Arena Awards — Best Online Casino Game</li><li>Shortlisted for SBC Awards 2024 — Casino/Slots Developer of the Year</li><li>A st",2026-05-22T14:19:52+00:00,remoteok.com
Content Marketing Manager,LiveKit,https://remoteOK.com/remote-jobs/remote-content-marketing-manager-livekit-1131635,"<h2>About LiveKit</h2><p>LiveKit is building the infrastructure layer for the voice-driven era of computing. Our platform gives developers everything they need to build, test, deploy, scale, and observe agents in production. Founded in 2021, LiveKit powers voice AI applications for OpenAI, xAI, Salesforce, Coursera, Spotify, and thousands of others, collectively facilitating billions of calls each year.</p><p></p><h2>About You</h2><p>Developer-first companies are allergic to marketing. They've s",2026-05-22T06:00:09+00:00,remoteok.com
Python Developer Brazil,Anyone AI,https://remoteOK.com/remote-jobs/remote-python-developer-brazil-anyone-ai-1131634,"<p>Anyone AI is recruiting skilled Python Developers to work on a project with a leading AI lab. </p><p></p><p><strong>Qualifications:</strong></p><ul><li><p>Advanced professional written proficiency in English</p></li><li><p>3–7 years of professional software engineering experience</p></li><li><p>Strong proficiency in Python and JavaScript/TypeScript; working knowledge of Java, C#, or Go</p></li><li><p>Backend or full‑stack development experience in production systems</p></li><li><p>Experience ",2026-05-22T06:00:03+00:00,remoteok.com
Website Product Owner,"Ryder System, Inc.",https://remoteOK.com/remote-jobs/remote-website-product-owner-ryder-system-inc-1132039,<em>Job Seekers can review the Job Applicant Privacy Policy by clicking here (http://ryder.com/job-applicant-privacy-policy) .<br /><br /></em><strong>Summary<br /><br /></strong><strong>Job Description</strong> :<br /><br />The Product Owner is responsible for the management and development of complex features on the Ryder corporate website. This person would own the vision for their product and would use their written and oral communication and team building skills to successfully deliver feat,2026-05-22T02:46:02+00:00,remoteok.com
Level 1 Help Desk Technician,The Auctus Group,https://remoteOK.com/remote-jobs/remote-level-1-help-desk-technician-the-auctus-group-1131916,<strong>About The Auctus Group LLC<br /><br /></strong><strong><strong>Who we are: </strong></strong>We’re big on people and culture at the Auctus Group. Our most important role as a company is to provide an amazing working environment for our team. We’ve been work-from-home-warriors since before it was cool. We support (like encourage and fund) continuing education. We match charitable donations. Our whole goal is: <em><em>work to live not live to work</em></em>. Oh and we’re weirdos too…we do ,2026-05-21T13:35:07+00:00,remoteok.com
Chief Technology Officer,Access Softek,https://remoteOK.com/remote-jobs/remote-chief-technology-officer-access-softek-1131633,"<p></p><p>Access Softek is a leading provider of digital banking platforms for financial institutions across the U.S.&nbsp;</p><p>We are seeking a Chief Technology Officer to define and lead the company’s technology vision, architecture strategy, and long-term platform evolution. This is an executive role responsible for ensuring technology is a core driver of business growth, product scalability, and operational resilience.</p><p>As CTO, you will partner with the CEO and executive leadership te",2026-05-21T06:00:04+00:00,remoteok.com
Product Designer,Cint,https://remoteOK.com/remote-jobs/remote-product-designer-cint-1131922,"<strong>Job Description<br /><br /></strong><p><strong>The Opportunity<br /><br /></strong></p><p>Cint seeks an experienced, SaaS product-savvy Senior Product Designer to join our growing team. We seek a strong cross-functional candidate with creativity and strategic vision to help shape the customer experiences of our suite of products. This person will be an advocate for great design and will be responsible for the delivery and output of quality and timely design deliverables.<br /><br /></p><",2026-05-20T19:09:18+00:00,remoteok.com
Janitor,OCS,https://remoteOK.com/remote-jobs/remote-janitor-ocs-1132097,"<strong>About The Company:<br /><br /></strong>OCS UK &amp; Ireland is a leading facilities management company with 50,000+ colleagues and a turnover in excess of £2bn. We deliver innovative, award-winning services within facilities management, hard services, cleaning, security and catering.<br /><br />Our mission is to make people and places the best they can be f or our colleagues, customers and the communities we serve. Our commitment to doing business the right way is rooted in our TRUE valu",2026-05-20T18:28:22+00:00,remoteok.com
Estimator,Lintcloud,https://remoteOK.com/remote-jobs/remote-estimator-lintcloud-1132171,"<p>Position: Estimator</p><p>Experience: 3–5 Years</p><p>Salary: ₹25,000/month</p><p>Location: Vallioor</p><p><br /></p><p>Job Summary</p><p><br /></p><p>We are looking for a skilled and detail-oriented Estimator with 3–5 years of experience to join our team. The candidate will be responsible for preparing accurate cost estimates, analyzing project requirements, and supporting the project and procurement teams.</p><p><br /></p><p>Key Responsibilities</p><p>Prepare project cost estimates and quot",2026-05-20T18:17:12+00:00,remoteok.com
Expression of Interest SMG Studio,SMG Studio,https://remoteOK.com/remote-jobs/remote-expression-of-interest-smg-studio-smg-studio-1131892,"<strong>Job Description:<br /><br /></strong><strong>At SMG, we turn our patented DAFUZ system to create award winning titles including LEGO <em>Party! Moving Out,</em></strong><strong><em> Thumb Drift,</em></strong><strong> and</strong><strong> <em>One More Line</em>.</strong><strong>  We love building fun first games and we don’t take ourselves too seriously. <br /><br /></strong>If you're on top of your game (or would like to be) and care about your work, then let's talk. Not all roles open a",2026-05-20T16:42:31+00:00,remoteok.com
AI Training Specialist Fully Upto $80 hr,Mercor,https://remoteOK.com/remote-jobs/remote-ai-training-specialist-fully-upto-80-hr-mercor-1131894,"<strong>About The Job<br /><br /></strong><strong>Mercor</strong> connects elite creative and technical talent with leading AI research labs. Headquartered in San Francisco, our investors include <strong>Benchmark</strong>, <strong>General Catalyst</strong>, <strong>Peter Thiel</strong>, <strong>Adam D'Angelo</strong>, <strong>Larry Summers</strong>, and <strong>Jack Dorsey</strong>.<br /><br /><strong>Position:</strong> AI Training Scenario Designer<br /><br /><strong>Type:</strong> <strong>Con",2026-05-20T09:19:14+00:00,remoteok.com
Intern SD Engineer,Copious,https://remoteOK.com/remote-jobs/remote-intern-sd-engineer-copious-1131629,"&lt;p dir=&quot;ltr&quot; style=&quot;line-height:1.38;text-align: justify;background-color:#ffffff;margin-top:0pt;margin-bottom:0pt;&quot;&gt;&lt;span style=&quot;font-size:10pt;font-family:'DM Sans',sans-serif;color:#434343;background-color:transparent;font-weight:600;font-style:italic;font-variant:normal;text-decoration:none;vertical-align:baseline;white-space:pre;white-space:pre-wrap;&quot;&gt;Ready to embark on this exciting career journey? Apply now and let's revolutionize the economic and",2026-05-19T22:00:05+00:00,remoteok.com
adm Permanent Fulltime MEX,adm Indicia,https://remoteOK.com/remote-jobs/remote-adm-permanent-fulltime-mex-adm-indicia-1131776,"<p><strong>Department: </strong>Creative</p><p><strong>Location: </strong>Mexico City <br /><br /></p><strong>Description<br /><br /></strong>We’re looking for a highly detail-oriented Studio Production Artist to join our fast-paced creative team. The ideal candidate is a detail-driven, fast-paced contributor who transforms creative concepts into production-ready assets.<br /><br />With deep expertise in mechanical, production, and manufacturing processes, this role supports all stages of execut",2026-05-19T19:34:47+00:00,remoteok.com
Security Technician,City of Swan,https://remoteOK.com/remote-jobs/remote-security-technician-city-of-swan-1132076,https://swan.t1cloud.com/T1Default/CiAnywhere/Web/SWAN/Public/Function/%24ORG.REC.EXAPN.WIZ/RECRUIT_EXT?suite=CES&amp;token=094217f4-2e67-4dc8-9f78-89877ea5b14d,2026-05-19T17:56:09+00:00,remoteok.com
Team Member Special Assignment,Reliance Industries Limited,https://remoteOK.com/remote-jobs/remote-team-member-special-assignment-reliance-industries-limited-1132168,"<strong>Job Responsibilities :<br /><br /></strong><ul><li>Meet with clients to discuss the space that requires artwork, and must communicate effectively with clients throughout the consultation process</li><li>May offer custom framing, allowing the artwork to flow perfectly in specific spaces</li><li> Install or place the artwork in such a way that it will achieve the overall look, mood or feel that the client desires </li><li> May be involved in art appraisal due to their expertise in the fiel",2026-05-19T16:52:43+00:00,remoteok.com
Replace with job title,Sarens,https://remoteOK.com/remote-jobs/remote-replace-with-job-title-sarens-1131675,<strong>Fill In Job Description Here<br /><br /></strong><strong>PROFILE<br /><br /></strong>Fill in profile requirements here<br /><br /><ul><li> <br /><br /></li></ul><strong> WE OFFER <br /><br /></strong>Fill in the details of our offer here,2026-05-19T15:13:51+00:00,remoteok.com
Software Engineer Platform,Benchling,https://remoteOK.com/remote-jobs/remote-software-engineer-platform-benchling-1131626,"<p></p><p>We are rebuilding biotech for the AI era.<br /><br />When a breakthrough is delayed, the world waits. Getting a molecule from discovery to patients, or a crop from lab to field, involves thousands of slow, manual, disconnected steps. AI has the potential to change this, compressing decades of R&amp;D work into years. But that only happens when clean, structured scientific data and AI are built into how science gets done.<br /><br />Benchling is the AI platform for biotech R&amp;D. Scie",2026-05-19T14:00:02+00:00,remoteok.com
Customer Lifecycle Automation Manager @CXT Software,CXT Software,https://remoteOK.com/remote-jobs/remote-customer-lifecycle-automation-manager-cxt-software-cxt-software-1131624,"<p></p><p>Do you enjoy building systems that scale customer engagement, reduce manual work, and turn data into action? Are you motivated by creating structured, automated customer journeys that drive retention and expansion without requiring human intervention? Do you thrive in ambiguous environments where you can define lifecycle programs, triggers, and automation logic from the ground up?</p><p>CXT Software provides the technology backbone for delivery processes, empowering courier, route deli",2026-05-19T06:00:36+00:00,remoteok.com
Accountant Asset Manager A312,Pearl,https://remoteOK.com/remote-jobs/remote-accountant-asset-manager-a312-pearl-1131622,"Industry<p>Renewable Energy, Finance</p>Work Arrangement<p>Fully remote </p>Job Type<p>Full-time</p>Work Schedule<p>US Time Zones (EST)</p>Locations:<p>Remote (Global)</p><p></p>About Pearl Talent<p>Pearl works with the top 1% of candidates from around the world and connects them with the best startups in the US and EU. Our clients have raised over $5B in aggregate and are backed by companies like OpenAI, a16z, and Founders Fund. They’re looking for the sharpest, hungriest candidates who they ca",2026-05-19T06:00:23+00:00,remoteok.com
Diretor de Arte,BYOUNG Social Media Co.,https://remoteOK.com/remote-jobs/remote-diretor-de-arte-byoung-social-media-co-1131766,"<strong>Description:</strong> Estamos buscando um(a) Diretor(a) de Arte para trabalhar em equipe compartilhada.<br /><br />Portanto, para ocupar essa vaga, é imprescindível ser organizado, saber gerir os prazos, entregar as demandas de forma rápida e conseguir trabalhar em vários projetos, comunicando-se com diferentes pessoas simultaneamente.<br /><br />Estamos em busca de alguém que tenha autonomia para realizar demandas de forma independente e que seja proativo.<br /><br />Deve ser uma pessoa",2026-05-19T00:52:07+00:00,remoteok.com
Staff,"Trax Intertrade Co., Ltd.",https://remoteOK.com/remote-jobs/remote-staff-trax-intertrade-co-ltd-1131683,-,2026-05-18T08:46:33+00:00,remoteok.com
Senior Database Reliability Engineer,Cloudlinux,https://remoteOK.com/remote-jobs/remote-senior-database-reliability-engineer-cloudlinux-1131613,"<p>CloudLinux / TuxCare is a remote-first infrastructure and security company. More than 300 engineers build and operate products used by hosting providers, enterprises, and internal service teams worldwide. Our Infrastructure Department runs the platforms behind CloudLinux OS, Imunify, KernelCare, TuxCare ELS, and our engineering systems.</p><p>We are hiring a Senior Database Reliability Engineer to join the Infrastructure DBA cell. This is a hands-on production ownership role, not a narrow tic",2026-05-16T22:00:03+00:00,remoteok.com
IT Support Technician,Avalere Health,https://remoteOK.com/remote-jobs/remote-it-support-technician-avalere-health-1131612,"<p><b><span style=""font-size: 16px;"">About Avalere Health</span></b></p><p><br /></p><p><span style=""font-size: 16px;"">United by one profound purpose: to reach&nbsp;EVERY PATIENT POSSIBLE. At Avalere Health, we ensure every patient is identified, treated, supported, and cared for. Equally. Our Advisory, Medical, and Marketing teams come together – powerfully and intentionally – to forge unconventional connections, building a future where healthcare is not a barrier and no patient is left behind.",2026-05-16T14:00:12+00:00,remoteok.com
Forward Deployed Engineer Agentic Platform,Cohere,https://remoteOK.com/remote-jobs/remote-forward-deployed-engineer-agentic-platform-cohere-1131611,"<p><strong>Who are we?</strong></p><p>Our mission is to scale intelligence to serve humanity. We’re training and deploying frontier models for developers and enterprises who are building AI systems to power magical experiences like content generation, semantic search, RAG, and agents. We believe that our work is instrumental to the widespread adoption of AI.</p><p>We obsess over what we build. Each one of us is responsible for contributing to increasing the capabilities of our models and the val",2026-05-16T14:00:05+00:00,remoteok.com
Inspector II,Metro Vancouver,https://remoteOK.com/remote-jobs/remote-inspector-ii-metro-vancouver-1131994,"<strong>Organization<br /><br /></strong>Metro Vancouver<br /><br /><strong>Region<br /><br /></strong>British Columbia<br /><br /><strong>Application Deadline<br /><br /></strong>May 29, 2026 before 23:30<br /><br /><strong>Type<br /><br /></strong>Full-Time Regular<br /><br /><strong>Category<br /><br /></strong>Other<br /><br />Twitter Facebook Linkedin Send Save Print<br /><br /><strong>Description</strong> Click here to view full screen<br /><br /><strong> From the same organization<br /><b",2026-05-15T19:20:09+00:00,remoteok.com
US Tax Law AI Specialist,Weekday,https://remoteOK.com/remote-jobs/remote-us-tax-law-ai-specialist-weekday-1131606,"<p><strong>This role is for one of our clients</strong></p><p><strong>$15 - $30/hourpay</strong></p><p><strong>Job Type:</strong>&nbsp;Contractor</p><p><strong>Location:</strong>&nbsp;Remote</p>\n<p></p><p><br /></p><p></p>\n<div>$15 - $30 an hour</div><small><div><section><div><p>We are seeking highly skilled tax professionals with deep expertise in U.S. Tax Law to contribute to the development and evaluation of next-generation AI systems. In this role, you will apply your knowledge of federal ",2026-05-15T14:00:02+00:00,remoteok.com
Senior Accountant,Volt,https://remoteOK.com/remote-jobs/remote-senior-accountant-volt-1131601,"<p></p><p style=""line-height: 1.2; margin-top: 4pt; margin-bottom: 6pt;""><span style=""font-size: 10pt; font-family: Arial, sans-serif;"">VOLT is building the next generation of AI perception systems for the physical world, focused on safety, security, and real-time risk detection.</span></p><p style=""line-height: 1.2; margin-top: 4pt; margin-bottom: 6pt;""><span style=""font-size: 10pt; font-family: Arial, sans-serif;"">We are seeking a Senior Accountant to help build the financial backbone of a fas",2026-05-15T06:02:00+00:00,remoteok.com
Sommelier,SLS Hotels,https://remoteOK.com/remote-jobs/remote-sommelier-sls-hotels-1132036,"<strong>Company Description<br /><br /></strong>SLS Baha Mar welcomes you to an unforgettable journey where every moment is a testament to the art of hospitality. We are a playground for the mischievous, a haven for those seeking the allure of grandeur, and a place where you can truly feel alive .<br /><br />We have an exciting job opportunity to join our Food and Beverage team as a Sommelier at SLS Baha Mar, Nassau, The Bahamas.<br /><br />JOIN THE ENNISMORE FAMILY TODAY!<br /><br /><strong>Job",2026-05-15T05:45:11+00:00,remoteok.com
Application Support Engineer,Cresta,https://remoteOK.com/remote-jobs/remote-application-support-engineer-cresta-1131596,"Cresta is on a mission to turn every customer conversation into a competitive advantage by unlocking the true potential of the contact center. Our platform combines the best of AI and human intelligence to help contact centers discover customer insights and behavioral best practices, automate conversations and inefficient processes, and empower every team member to work smarter and faster. Born from the prestigious Stanford AI lab, Cresta's co-founder and chairman is Sebastian Thrun, the genius ",2026-05-14T22:01:53+00:00,remoteok.com
Software Engineer,Obsidian Security,https://remoteOK.com/remote-jobs/remote-software-engineer-obsidian-security-1131595,"Founded in 2017, Obsidian Security was created to close a critical gap: securing the SaaS applications where modern business happens—platforms like Microsoft 365, Salesforce, and hundreds more.Backed by top investors including Greylock, Norwest Venture Partners, and IVP, we’ve built a complete SaaS security platform to reduce risk, detect and respond to threats, and prevent breaches at the source. Our team includes leaders who helped define the categories of endpoint and identity security at Cro",2026-05-14T22:01:22+00:00,remoteok.com
DevRel Content Creator,SuperPlane,https://remoteOK.com/remote-jobs/remote-devrel-content-creator-superplane-1131594,"<h2>About SuperPlane</h2><p>SuperPlane is an open source control plane where AI agents and engineers run operations together. We're a team of 10, founded by the creators of Semaphore CI/CD. Our users are DevOps and platform engineers at mid-size to large engineering orgs.</p><p>We have a product engineers love, an open source repo with 2K+ stars, and events in the pipeline. What we don't have is someone dedicated to showing the world what SuperPlane can do. We ship fast but our content doesn't k",2026-05-14T21:12:08+00:00,remoteok.com
Senior Golang Developer,TRE ALTAMIRA Srl,https://remoteOK.com/remote-jobs/remote-senior-golang-developer-tre-altamira-srl-1131593,"Remote - About Us TRE ALTAMIRA, part of the CLS Group, is the global leader in satellite radar data processing. We are a multidisciplinary team with leading-edge knowledge of SAR and InSAR applications. Our patented radar imagery processing algorithms provide displacement mea...",2026-05-14T20:00:02+00:00,remoteok.com
IT Support Technician,Avalere Health,https://remoteOK.com/remote-jobs/remote-it-support-technician-avalere-health-1131591,"<p><b><span style=""font-size: 16px;"">About Avalere Health</span></b></p><p><br /></p><p>United by one profound purpose: to reach <b>EVERY PATIENT POSSIBLE</b>. At Avalere Health, we ensure every patient is identified, treated, supported, and cared for. Equally. Our Advisory, Medical, and Marketing teams come together – powerfully and intentionally – to forge unconventional connections, building a future where healthcare is not a barrier and no patient is left behind.<span style=""font-size: 16px;",2026-05-14T14:00:18+00:00,remoteok.com
Product Manager,Cosuno,https://remoteOK.com/remote-jobs/remote-product-manager-cosuno-1131589,"<h1><strong>Your Mission</strong></h1><p>With the power of AI, we're set to revolutionize the way subcontractors find, evaluate, and bid on projects. As the second PM on the subcontractor side, you'll actively shape this product vision — in a small team with big leverage and direct impact on a product used by thousands.</p><p></p><h1><strong>Your Responsibilities</strong></h1><ul><li><p>You take full product ownership of core areas of the subcontractor product and drive the evolution of the mark",2026-05-14T14:00:05+00:00,remoteok.com
Graphics Designer,YO IT Consulting,https://remoteOK.com/remote-jobs/remote-graphics-designer-yo-it-consulting-1132058,"<strong>Job Title:</strong> Motion Graphics Designer<br /><br /><strong>Job Type:</strong> Contractor<br /><br /><strong>Location:</strong> Remote<br /><br /><strong>Job Summary<br /><br /></strong>We are seeking an expert Motion Graphics Designer to join a project team for an innovative AI training project. This exciting opportunity allows you to apply your creative expertise in motion graphics within a cutting-edge, collaborative environment. You will play a key role in shaping visual content ",2026-05-14T07:44:12+00:00,remoteok.com
Graphics Designer,YO IT Consulting,https://remoteOK.com/remote-jobs/remote-graphics-designer-yo-it-consulting-1132060,"<strong>Job Title:</strong> Motion Graphics Designer<br /><br /><strong>Job Type:</strong> Contractor<br /><br /><strong>Location:</strong> Remote<br /><br /><strong>Job Summary<br /><br /></strong>We are seeking an expert Motion Graphics Designer to join a project team for an innovative AI training project. This exciting opportunity allows you to apply your creative expertise in motion graphics within a cutting-edge, collaborative environment. You will play a key role in shaping visual content ",2026-05-14T07:44:12+00:00,remoteok.com
Staff Engineer Platform Engineering,HighLevel,https://remoteOK.com/remote-jobs/remote-staff-engineer-platform-engineering-highlevel-1131588,"<p><strong>About HighLevel:</strong><br />HighLevel is an AI-powered business operating system that gives agencies, entrepreneurs and SMBs the infrastructure to build, automate and scale. Today, HighLevel supports SMBs across 150+ countries, fueling community-driven growth rooted in real customer outcomes.<br />To date, businesses operating on HighLevel have generated over $7 billion in ecosystem value, demonstrating the impact of shared infrastructure at scale. By centralizing conversations, au",2026-05-14T06:02:15+00:00,remoteok.com
Staff Backend Engineer Core Product,Kalepa,https://remoteOK.com/remote-jobs/remote-staff-backend-engineer-core-product-kalepa-1131586,"About Kalepa:Insurance is a $7T global industry built on professional labor: underwriting, claims, pricing, operations, and distribution. Kalepa is building AI that can perform that work.We create professional-grade AI systems for insurers: software that can read, reason, decide, and act inside real workflows and operate over long-time horizons. Kalepa begins by augmenting professionals with the tools to succeed at their jobs. That earns us the right to learn from real decisions, capture decisio",2026-05-14T06:01:41+00:00,remoteok.com
Revenue Cycle Specialist,Osmind,https://remoteOK.com/remote-jobs/remote-revenue-cycle-specialist-osmind-1131580,"<p></p><h2>About Us</h2><p><a href=""https://osmind.org/"">Osmind</a> is a technology, services, and data company focused exclusively on psychiatry. Mental health disorders are one of the leading causes of death worldwide and are tied to shortening lifespans. Yet, we have cause for hope: there have been developments in new psychiatric medications and treatments since the first FDA approval in 1954, including ketamine, Spravato, and neuromodulation. Now, there is a growing movement among clinicians",2026-05-13T22:02:43+00:00,remoteok.com
Senior Software Engineer,CentralReach,https://remoteOK.com/remote-jobs/remote-senior-software-engineer-centralreach-1131578,"CentralReach is a leading provider of autism and IDD care software for Applied Behavior Analysis (ABA), multidisciplinary therapy, and special education. Trusted by more than 200,000 users, we enable therapy providers, educators, and employers to scale the way they deliver ABA and related therapies with innovative technology, market-leading industry expertise, and world-class customer satisfaction. CentralReach is the #1 provider of SaaS software solutions for autism and IDD care. Trusted by mor",2026-05-13T22:01:55+00:00,remoteok.com
Granicus: Product Manager,Unknown,https://weworkremotely.com/remote-jobs/granicus-product-manager,"<p>
  <strong>Headquarters:</strong> United Kingdom (Remote)
</p>

<div class=""content""><div class=""section-wrapper page-full-width""><div class=""section page-centered""><div><b>The Company&nbsp;</b></div><div><b>Serving the People Who Serve the People&nbsp;</b></div><div>Granicus is driven by the excitement of building, implementing, and maintaining technology that is transforming the Govtech industry by bringing governments and their constituents together. We are on a mission to support our cust","Wed, 29 Apr 2026 20:31:59 +0000",weworkremotely.com
Bonial International: Senior Product Manager (f/m/x),Unknown,https://weworkremotely.com/remote-jobs/bonial-international-senior-product-manager-f-m-x,"<p>
  <strong>Headquarters:</strong> Hussitenstraße 32-33 Berlin, BE, 13355 Germany
</p>

<div class=""sc-1gch2qa-0 fhKCjg""><div><div class=""sc-gfrfnr-2 deOrHQ""></div><div class=""sc-18h7are-0 ebVyJP""><div class=""sc-1tu9fip-2 ezRMeN""><div class=""sc-1tu9fip-1 kdUgoN""><div class=""sc-1tu9fip-3 iFQjUO""><div class=""sc-ji5wy4-0 jIYAZB""><div><div><div><div><div class=""sc-1uwf3m5-2 ipgOZn""><div class=""sc-1v95195-0 jscoSJ""><div><div><h2 class=""sc-1npqnwg-4 sc-1npqnwg-5 sc-1uwf3m5-0 gkPLZR custom-css-style-","Wed, 29 Apr 2026 20:31:47 +0000",weworkremotely.com
Veeva Systems: Senior Product Manager,Unknown,https://weworkremotely.com/remote-jobs/veeva-systems-senior-product-manager,"<p>
  <strong>Headquarters:</strong> California - Pleasanton
</p>

<div class=""content""><div class=""section-wrapper page-full-width""><div class=""section page-centered""><div>Veeva Systems is a mission-driven organization and pioneer in industry cloud, helping life sciences companies bring therapies to patients faster. As one of the fastest-growing SaaS companies in history, we surpassed $2B in revenue in our last fiscal year with extensive growth potential ahead.</div><div><br /></div><div>At the","Wed, 29 Apr 2026 20:31:44 +0000",weworkremotely.com
Clo Virtual Fashion: DevOps Engineer,Unknown,https://weworkremotely.com/remote-jobs/clo-virtual-fashion-devops-engineer,"<p>
  <strong>Headquarters:</strong> Seoul
</p>

<div class=""content""><div class=""section-wrapper page-full-width""><div class=""section page-centered""><div>클로버추얼패션 (CLO Virtual Fashion)은 3D 의상 시뮬레이션 알고리즘을 기반으로, 컨셉부터 디자인, 제조, 마케팅, 피팅, 스타일링까지 의상과 관련된 모든 서비스를 제공합니다.</div><div><br /></div><div>2009년 설립된 클로버추얼패션은 디지털 패션의 새로운 생태계를 만들어 가고 있습니다.</div><div>의상 디자인 소프트웨어 CLO, Marvelous Designer, Jinny 와 함께, CLO-SET, CONNECT와 같은 의상 콘텐츠에 특화된 플랫폼으로 의상의 모든 여정에 관여함으로써, 효율적이고 지속 가능한 워크플로우를 구축하고 있습니다. 뿐만 아니라, 당사 솔","Wed, 29 Apr 2026 20:31:44 +0000",weworkremotely.com
Kraken: Product Director,Unknown,https://weworkremotely.com/remote-jobs/kraken-product-director,"<p>
  <strong>Headquarters:</strong> London
</p>

<div class=""content""><div class=""section-wrapper page-full-width""><div class=""section page-centered""><div><span>Help us use technology to make a big green dent in the universe!</span></div><div><br /></div><div><a class=""postings-link"" href=""https://kraken.tech/"">Kraken</a><span>&nbsp;powers some of the most innovative global developments in energy.</span></div><div><br /></div><div><span>We’re a technology company focused on creating a smart, su","Wed, 29 Apr 2026 20:31:28 +0000",weworkremotely.com
Hrtx: Full Stack Developer,Unknown,https://weworkremotely.com/remote-jobs/hrtx-full-stack-developer,"<p>
  <strong>Headquarters:</strong> Makati Metro Manila Philippines
</p>

<ul><li>This is a Senior Developer role with excellent growth potential</li><li>Enjoy our flexibility and hybrid working solutions</li><li>Work with a team of enthusiastic and technology driven professionals</li></ul> <p><strong>Full Stack Developer</strong></p> <p>We are an agile, high performing development team who is responsible for the software delivery and support of a business-critical platform, an application that","Wed, 29 Apr 2026 20:31:28 +0000",weworkremotely.com
Hypervolt: Customer Support Executive,Unknown,https://weworkremotely.com/remote-jobs/hypervolt-customer-support-executive,"<p>
  <strong>Headquarters:</strong> London, United Kingdom
</p>

<div class=""ATS_htmlPreview""><h1><strong><span>About Hypervolt Limited</span></strong></h1><p><span>Hypervolt is at the forefront of the electric vehicle charging revolution, dedicated to providing innovative and reliable EV charging solutions. We launched in 2021 with the bold ambition to transform the EV charging space through a relentless focus on the customer experience, great software, and beautifully designed British hardwar","Wed, 29 Apr 2026 20:31:17 +0000",weworkremotely.com
B12: Senior Product Designer (Remote),Unknown,https://weworkremotely.com/remote-jobs/b12-senior-product-designer-remote,"<p>
  <strong>Headquarters:</strong> Spain, Mexico, Portugal, India
</p>

<div class=""job__description body""><div><h3><strong>The role</strong></h3><br /><p>We are an early-stage startup that is hiring an experienced Senior Product Designer to support our growing Product team. We are looking to bring on an individual who wants to positively impact the customer experience through the design of our products. From designing brand new product experiences to collaborating with engineers during implem","Wed, 29 Apr 2026 08:35:24 +0000",weworkremotely.com
Perforce: Product Manager,Unknown,https://weworkremotely.com/remote-jobs/perforce-product-manager,"<p>
  <strong>Headquarters:</strong> Ottawa, ON
</p>

<div class=""content""><div class=""section-wrapper page-full-width""><div class=""section page-centered""><div><span>Perforce is a community of collaborative experts, problem solvers, and possibility seekers who believe work should be both challenging and fun. We are proud to inspire creativity, foster belonging, support collaboration, and encourage wellness. At Perforce, you’ll work with and learn from some of the best and brightest in business. ","Wed, 29 Apr 2026 08:35:11 +0000",weworkremotely.com
Hrtx: DevOps Engineer,Unknown,https://weworkremotely.com/remote-jobs/hrtx-devops-engineer,"<p>
  <strong>Headquarters:</strong> NCR Philippines
</p>

<h3>Job brief</h3> <p>We are looking for a <strong>DevOps Engineer</strong> to join an international team supporting large-scale digital engineering initiatives. The role focuses on developing, maintaining, and improving CI/CD pipelines and infrastructure to support modern software applications across web, cloud, and embedded platforms. You'll be working in a dynamic environment that applies <strong>Scaled Agile (SAFe)</strong> methodolo","Wed, 29 Apr 2026 08:35:08 +0000",weworkremotely.com
World Data Lab: DevOps Engineer (m/f/d),Unknown,https://weworkremotely.com/remote-jobs/world-data-lab-devops-engineer-m-f-d,"<p>
  <strong>Headquarters:</strong> Remote
</p>

World Data Lab (WDL) Tech team is building next-generation data analytics platforms for private sector clients, while also delivering data-driven solutions for sustainable development goals (SDGs). Our engineering team consists of skilled frontend and backend developers, data engineer, and QA specialist, all collaborating across borders to build resilient, scalable, and innovative data products. We work at the intersection of cloud infrastructure","Wed, 29 Apr 2026 08:34:56 +0000",weworkremotely.com
Prodevelop: Full Stack Developer,Unknown,https://weworkremotely.com/remote-jobs/prodevelop-full-stack-developer,"<p>
  <strong>Headquarters:</strong> Valencia
</p>

<br /><ul><li>Develop and maintain web applications using Vue.js as a frontend framework, as well as backend technologies such as Java, Node.js or similar.</li><li>Work with relational databases such as PostgreSQL, Oracle or SQL Server, writing queries, designing schemas and managing data.</li><li>Be familiar with and apply knowledge of the Spring Framework (if working with Java) for the development of robust and scalable backend applications.<","Wed, 29 Apr 2026 08:34:56 +0000",weworkremotely.com
Amiqus: Product Manager,Unknown,https://weworkremotely.com/remote-jobs/amiqus-product-manager,"<p>
  <strong>Headquarters:</strong> Remote - UK,Clockwise Edinburgh
</p>

<p>Amiqus is the UK’s most trusted compliance and onboarding platform, enabling simple, fast and secure access to products and services online. Whether moving home, changing jobs or looking for professional help, our software makes it easy for everyone involved.</p><br /><p>We’re trusted by Governments, NHS, Banks and 600+ regulated organisations across sectors in the UK to help people get to work on the things that matte","Wed, 29 Apr 2026 08:34:47 +0000",weworkremotely.com
Confidential: DevOps Engineer,Unknown,https://weworkremotely.com/remote-jobs/confidential-devops-engineer,"<p>
  <strong>Headquarters:</strong> London
</p>

<div class=""job-details_jobDescription__1dErB job-details_jobSection__1snwj""><div> <p><strong>DevOps Engineer Consultant - Remote Working </strong></p> <p>Lynx are currently working with a large IT consultancy to help them source a DevOps Engineer Consultant. Our client is large global Consultancy who work with enterprise clients, solving their business and technology problems using cutting edge Solutions.</p> <p>Responsibilities:</p> <ul> <li>En","Wed, 29 Apr 2026 08:33:57 +0000",weworkremotely.com
Glean: Product Management Lead,Unknown,https://weworkremotely.com/remote-jobs/glean-product-management-lead,"<p>
  <strong>Headquarters:</strong> Palo Alto, CA
</p>

<div class=""job__description body""><div><div class=""section page-centered""><br /><div><br /><div><strong>About Glean</strong></div><br /><div><br /><p>We’re on a mission to make knowledge work faster and more humane. We believe that AI will fundamentally transform how people work. In the future, everyone will work in tandem with expert AI assistants who find knowledge, create and synthesize information, and execute work. These assistants w","Wed, 29 Apr 2026 08:33:45 +0000",weworkremotely.com
Mytime: Product Manager,Unknown,https://weworkremotely.com/remote-jobs/mytime-product-manager,"<p>
  <strong>Headquarters:</strong> 5792 W Jefferson Blvd, Los Angeles, CA 90016, USA
</p>

<div><div><p class=""googlejobs-paragraph--empty""></p><h2 class=""title"">Company Description</h2></div><div class=""wysiwyg""><p>MyTime is a fully integrated scheduling, payments, and automated marketing platform, specializing in large multi-location chains and franchises. Our mission critical software -- which includes in-store scheduling and online booking, client record management, email and SMS marketing","Wed, 29 Apr 2026 08:33:45 +0000",weworkremotely.com
ellow Talent Marketplaces Pvt: Java Full Stack Developer,Unknown,https://weworkremotely.com/remote-jobs/ellow-talent-marketplaces-pvt-java-full-stack-developer,"<p>
  <strong>Headquarters:</strong> Kanayannur, Kerala, 682042, India
</p>

<span><div>Java Full Stack Developer <br /></div><div><br /></div><div>Client Project<br /></div><div><br /></div><div>Remote<br /></div><div><br /></div><div>Permanent Hiring<br /></div><div><br /></div><div>5+<br /></div><div><br /></div><div>Java, Angular, AWSJava Full Stack: <br /></div><div><br /></div><div>We are looking for an SR Software Development Engineer JAVA who will:<br /></div><div><br /></div><div>Design","Wed, 29 Apr 2026 08:33:25 +0000",weworkremotely.com
"Speechify: Software Engineer, iOS Core Product",Unknown,https://weworkremotely.com/remote-jobs/speechify-software-engineer-ios-core-product,"<p>
  <strong>Headquarters:</strong> Remote
</p>

<p>The mission of Speechify is to make sure that reading is never a barrier to learning.</p><br /><p>Over 30 million people use Speechify’s text-to-speech products to turn whatever they’re reading – PDFs, books, Google Docs, news articles, websites – into audio, so they can read faster, read more, and remember more. Speechify’s text-to-speech reading products include its iOS app, Android App, Mac App, Chrome Extension, and Web App. Google recentl","Wed, 29 Apr 2026 08:32:17 +0000",weworkremotely.com
"Horizon Assset Investments: Front-End Developer (Full-Time, Remote)",Unknown,https://weworkremotely.com/remote-jobs/horizon-assset-investments-front-end-developer-full-time-remote,"<img src=""https://we-work-remotely.imgix.net/logos/0171/4987/logo.gif?ixlib=rails-4.0.0&amp;w=50&amp;h=50&amp;dpr=2&amp;fit=fill&amp;auto=compress"" />

<p>
  <strong>Headquarters:</strong> Remote
    <br /><strong>URL:</strong> <a href=""https://www.horizonassetinvestments.com/"">https://www.horizonassetinvestments.com/</a>
</p>

<p class=""MsoNormal""><strong><span lang=""EN-US"">Front-End Developer (Full-Time, Remote)</span></strong></p>
<p class=""MsoNormal""><span>&nbsp;</span></p>
<p class=""MsoNorm","Tue, 28 Apr 2026 11:00:27 +0000",weworkremotely.com
"comparis.ch: Backend Engineer, 80-100% (f/m/x)",Unknown,https://weworkremotely.com/remote-jobs/comparis-ch-backend-engineer-80-100-f-m-x,"<p>
  <strong>Headquarters:</strong> Zuerich
    <br /><strong>URL:</strong> <a href=""https://en.comparis.ch/"">https://en.comparis.ch/</a>
</p>

<div class=""SCXW152853260 BCX8"">
<div class=""OutlineElement Ltr SCXW152853260 BCX8"">
<p class=""Paragraph SCXW152853260 BCX8""><span class=""NormalTextRun SCXW152853260 BCX8"">What you will do</span><span class=""EOP SCXW152853260 BCX8"">&nbsp;</span></p>
</div>
<div class=""OutlineElement Ltr SCXW152853260 BCX8"">
<p class=""Paragraph SCXW152853260 BCX8""><span ","Mon, 27 Apr 2026 13:45:28 +0000",weworkremotely.com
EngagedMD: Staff Software Engineer,Unknown,https://weworkremotely.com/remote-jobs/engagedmd-staff-software-engineer,"<img src=""https://we-work-remotely.imgix.net/logos/0123/5852/logo.gif?ixlib=rails-4.0.0&amp;w=50&amp;h=50&amp;dpr=2&amp;fit=fill&amp;auto=compress"" />

<p>
  <strong>Headquarters:</strong> Washington, DC
    <br /><strong>URL:</strong> <a href=""https://engaged-md.com"">https://engaged-md.com</a>
</p>

<p>You’re an experienced engineer with exceptional skill and leadership ability, capable of making an impact across our product ecosystem. We’re EngagedMD and we have a patient journey application u","Fri, 27 Mar 2026 14:03:38 +0000",weworkremotely.com
Infinity: Founding Product & Engineering Lead - Radiance,Unknown,https://weworkremotely.com/remote-jobs/infinity-founding-product-engineering-lead-radiance,"<p>
  <strong>Headquarters:</strong> Remote
</p>

<h1><strong>Meet Radiance</strong></h1><p></p><h2><strong>The Source® of all your creative collateral.</strong></h2><p>Radiance is a digital design agency powered by <strong>The SOURCE®</strong>, a proprietary Creative OS that aligns every asset, message, and moment into one adaptive brand system.</p><p>We combine human-crafted design with intelligent systems to help modern brands operate with clarity, speed, and cohesion. Every engagement we del","Fri, 24 Apr 2026 20:31:40 +0000",weworkremotely.com
Far Out Scout: Customer Support Representative (AVC - 05052602),Unknown,https://weworkremotely.com/remote-jobs/far-out-scout-customer-support-representative-avc-05052602,"<p>
  <strong>Headquarters:</strong> Philippines
</p>

<h3>Client Overview</h3><p>The client is a Y-combinator backed AI platform revolutionizing the HVAC, Plumbing, and Electrical industries. Their innovative platform empowers technicians and representatives, enabling them to serve customers more efficiently and boost business revenue. With novel AI features deeply integrated with platforms like ServiceTitan, the client is at the forefront of transforming service delivery in these sectors.</p><","Fri, 24 Apr 2026 20:31:22 +0000",weworkremotely.com
Ci&t: [27408] - Data Product Analyst,Unknown,https://weworkremotely.com/remote-jobs/ci-t-27408-data-product-analyst,"<p>
  <strong>Headquarters:</strong> Brazil
</p>

<div class=""content""><div class=""section-wrapper page-full-width""><div class=""section page-centered""><div><span>We are <b>tech transformation </b>specialists, uniting human expertise with AI to create scalable tech solutions.</span></div><div><span>With over 8,000 CI&amp;Ters around the world, we’ve built partnerships with more than 1,000 clients during our 30 years of history. Artificial Intelligence is our reality.</span></div><div><br /></div>","Fri, 24 Apr 2026 20:31:12 +0000",weworkremotely.com
Cue: Senior Software Engineer,Unknown,https://weworkremotely.com/remote-jobs/cue-senior-software-engineer,"<p>
  <strong>Headquarters:</strong> Copenhagen, Denmark
    <br /><strong>URL:</strong> <a href=""https://getcue.com"">https://getcue.com</a>
</p>

<h1 class=""text-text-100 mt-3 -mb-1 text-[1.375rem] font-bold"">Senior Software Engineer</h1>
<h2 class=""text-text-100 mt-3 -mb-1 text-[1.125rem] font-bold"">About the Role</h2>
<p class=""font-claude-response-body break-words whitespace-normal leading-[1.7]"">We're looking for a Senior Software Engineer who wants to own problem spaces, not just complete ","Wed, 25 Mar 2026 20:21:42 +0000",weworkremotely.com
